-- phpMyAdmin SQL Dump
-- version 4.9.5
-- https://www.phpmyadmin.net/
--
-- Servidor: localhost:3306
-- Tiempo de generación: 22-05-2022 a las 16:01:20
-- Versión del servidor: 5.7.24
-- Versión de PHP: 7.4.1

SET SQL_MODE = "NO_AUTO_VALUE_ON_ZERO";
SET AUTOCOMMIT = 0;
START TRANSACTION;
SET time_zone = "+00:00";


/*!40101 SET @OLD_CHARACTER_SET_CLIENT=@@CHARACTER_SET_CLIENT */;
/*!40101 SET @OLD_CHARACTER_SET_RESULTS=@@CHARACTER_SET_RESULTS */;
/*!40101 SET @OLD_COLLATION_CONNECTION=@@COLLATION_CONNECTION */;
/*!40101 SET NAMES utf8mb4 */;

--
-- Base de datos: `tienda_online`
--

-- --------------------------------------------------------

--
-- Estructura de tabla para la tabla `cesta`
--

CREATE TABLE `cesta` (
  `idCesta` int(11) NOT NULL,
  `PrecioTotal` decimal(10,0) NOT NULL,
  `idCliente` int(11) NOT NULL
) ENGINE=InnoDB DEFAULT CHARSET=utf8 COLLATE=utf8_bin;

-- --------------------------------------------------------

--
-- Estructura de tabla para la tabla `item`
--

CREATE TABLE `item` (
  `idItem` int(11) NOT NULL,
  `Cantidad` int(11) NOT NULL,
  `PrecioItem` decimal(10,0) NOT NULL,
  `idCesta` int(11) NOT NULL,
  `tipo` int(11) DEFAULT NULL,
  `id` int(11) DEFAULT NULL
) ENGINE=InnoDB DEFAULT CHARSET=utf8 COLLATE=utf8_bin;

-- --------------------------------------------------------

--
-- Estructura de tabla para la tabla `plataforma`
--

CREATE TABLE `plataforma` (
  `idPlataforma` int(11) NOT NULL,
  `Nombre` varchar(45) COLLATE utf8_bin NOT NULL,
  `Lanzamiento` date NOT NULL,
  `PrecioP` float NOT NULL,
  `StockP` int(11) NOT NULL,
  `DescripcionP` longtext COLLATE utf8_bin NOT NULL,
  `ImagenP` varchar(45) COLLATE utf8_bin DEFAULT NULL COMMENT 'Imagen de la plataforma',
  `Logo` varchar(45) COLLATE utf8_bin NOT NULL COMMENT 'Logo de la consola'
) ENGINE=InnoDB DEFAULT CHARSET=utf8 COLLATE=utf8_bin;

--
-- Volcado de datos para la tabla `plataforma`
--

INSERT INTO `plataforma` (`idPlataforma`, `Nombre`, `Lanzamiento`, `PrecioP`, `StockP`, `DescripcionP`, `ImagenP`, `Logo`) VALUES
(1, 'Nintendo 64', '1996-06-23', 210, 3, 'Nintendo 64 es la cuarta videoconsola de sobremesa producida por Nintendo, desarrollada para suceder a la Super Nintendo y para competir con el Saturn de Sega y la PlayStation de Sony.  Incorpora en su arquitectura un procesador principal de 64 bits. El soporte de almacenamiento de los juegos es en forma de cartuchos, la mayoría de ellos con memoria interna. El uso de este tipo de almacenamiento le supuso una seria desventaja comercial frente a sus competidores, ya que encarecía los costes de producción lo que aumentaba el precio final, y además, era de una capacidad de almacenamiento menor al de un CD-ROM.  Técnicamente, la utilización de cartuchos ofrece algunas ventajas frente al formato CD-ROM, siendo esta la idea que mantenía Nintendo frente a la competencia. El cartucho tiene tiempos de acceso al sistema mucho más cortos, hace posible la inclusión de coprocesadores y otros chips dentro del cartucho y técnicas como streaming en tiempo real para mejorar las capacidades de los juegos, logrando ampliar su vida útil; y en un principio parecía que podría ser más económico por no pagar derechos (', 'nintendo64.jpg', 'Nintendo64.jpg'),
(2, 'Nintendo Switch', '2017-03-17', 329, 25, 'Nintendo Switch  es la octava consola de videojuegos principal desarrollada por Nintendo. Conocida en el desarrollo por su nombre código «NX», se dio a conocer en octubre de 2016 y fue lanzada mundialmente el 3 de marzo de 2017. Nintendo considera a Switch una consola híbrida. Se puede utilizar como consola de sobremesa con la unidad principal insertada en una estación de acoplamiento para conectarla con un televisor. Alternativamente, puede ser extraída de la base y utilizada de forma similar a una tableta a través de su pantalla táctil LCD, o colocada sobre una superficie gracias a su soporte plástico integrado siendo así visible por varios jugadores. La Switch utiliza dos controladores inalámbricos llamados en conjunto Joy-Con, que incluyen cuatro botones de acción estándar y un joystick direccional, así como sensores para la detección de movimiento y retroalimentación táctil de alta definición, aunque se diferencian en algunos botones y características adicionales. Dos Joy-Con pueden conectarse uno a cada lado de la consola para usarse como consola portátil, conectarse al accesorio Grip proporcionado junto a la consola para usarlos como un mando más tradicional, o ser utilizados individualmente en la mano como el mando Wii, y de esta forma usarse con juegos multijugador locales. También puede utilizar ciertos controles inalámbricos y/o alámbricos que no incluye la consola, adoptado como Pro Controller, que incluyen las mismas características que los mandos tradicionales a excepción de que este incluye detección NFC para Amiibo y vibración HD. Los juegos para esta consola y otras aplicaciones están disponibles como cartuchos físicos ROM de flash y como distribución digital, y no utilizan bloqueo de región, por lo que puedes comprar juegos de cualquier mercado.', 'nintendoswitch.jpg', ''),
(3, 'Playstation 5', '2020-11-23', 499, 0, 'PlayStation 5 es una consola de videojuegos de sobremesa desarrollada por Sony Interactive Entertainment. Es la sucesora de la PlayStation 4, y se lanzó el 12 de noviembre de 2020 en Norteamérica, Japón, Australasia y Corea del Sur, mientras que fue lanzada el 19 de noviembre de 2020 en el resto del mundo. Es la quinta consola de sobremesa de la marca PlayStation y la tercera en ser diseñada por Mark Cerny. Desde su lanzamiento la consola ha contado con dos modelos: una consola PlayStation 5 con lector de discos BD UHD-ROM y también para la función multimedia, y una versión digital llamada, PlayStation 5 Digital Edition sin el lector. La consola PS5 compite contra las consolas Xbox Series X|S de Microsoft y Switch de Nintendo para abrir paso a la novena generación de videojuegos. La PlayStation 5 utiliza el mismo tipo de CPU de la marca AMD que la PlayStation 4, pero introduce una unidad de estado sólido (SSD) personalizada diseñada para la transmisión de datos de alta velocidad que permiten mejoras significativas en el rendimiento gráfico. El hardware también incluye una GPU AMD personalizada que posibilita la renderización por trazado de rayos, soporte para pantallas de resolución 4K y una alta tasa de fotogramas por segundo, efectos de audio 3D en tiempo real y retrocompatibilidad con la mayoría de los videojuegos para PlayStation 4 y PlayStation VR. ', 'ps5.jpg', ''),
(4, 'Playstation 4', '2013-11-29', 399, 15, 'PlayStation 4 oficialmente abreviada como PS4) es la cuarta videoconsola del modelo PlayStation.8 Es la segunda consola de Sony en ser diseñada por Mark Cerny y forma parte de las videoconsolas de octava generación. Fue anunciada oficialmente el 20 de febrero de 2013 en el evento PlayStation Meeting 2013,9 aunque el diseño de la consola no fue presentado hasta el 10 de junio en el E3 2013.10 Es la sucesora de la PlayStation 3 y compite con Wii U y Switch de Nintendo y Xbox One de Microsoft. Su lanzamiento fue el 15 de noviembre de 2013 en Estados Unidos y en Europa y Sudamérica fue el 29 de noviembre de 2013,119 mientras que en Japón fue el 22 de febrero de 2014.2 \r\nAlejándose de la compleja arquitectura utilizada en el procesador Cell de la videoconsola PlayStation 3, la PlayStation 4 cuenta con un procesador AMD de 8 núcleos bajo la arquitectura x86-64. Estas instrucciones x86-64 están diseñados para hacer más fácil el desarrollo de videojuegos en la consola de nueva generación, que atrae a un mayor número de desarrolladores. Estos cambios ponen de manifiesto el esfuerzo de Sony para mejorar las lecciones aprendidas durante el desarrollo, la producción y el lanzamiento de la PS3. Otras características de hardware notables de la PS4 es que incluyen 8 GB de memoria unificada GDDR5, una unidad de disco Blu-ray más rápido, y los chips personalizados dedicados a tareas de procesamiento de audio, vídeo y de fondo. \r\nEntre las nuevas aplicaciones y servicios, Sony lanzó la aplicación PlayStation App, permitiendo a los que tengan una PS4 convertir los teléfonos inteligentes y las tabletas en una segunda pantalla para mejorar la jugabilidad o en teclados externos para más comodidad en el momento de escribir. La compañía también planeaba debutar con Gaikai, un servicio de juego basado en la nube que aloja contenidos y juegos descargables. Mediante la incorporación del botón \"Share\" en el nuevo controlador hace que sea posible compartir en cualquier momento capturas de pantalla, trofeos, compras o videos en páginas como Facebook, Twitter y hacer stream de lo que se juegue y ver el de otros amigos en directo desde Ustream o Twitch, Sony planeó colocar más énfasis en el juego social. La consola PS4 el primer día de su lanzamiento vendió más de 1 millón de consolas solo en territorio de los Estados Unidos.12 Al inicio de su conferencia de prensa en la Gamescom 2014, Sony anunció que ya había vendido más de 10 000 000 unidades de la PlayStation 4 en el mundo a usuarios finales. Está diseñada para la amplia integración con PlayStation Vita.\r\n', 'ps4.jpg', ''),
(5, 'Playstation', '1995-09-29', 429, 3, 'PlayStation es la primera videoconsola de Sony, y la primera de dicha compañía en ser diseñada por Ken Kutaragi, y es una videoconsola de sobremesa de 32 bits lanzada por Sony Computer Entertainment el 3 de diciembre de 1994 en Japón. Se considera la videoconsola más exitosa de la quinta generación tanto en ventas como en popularidad. Además de la original, en el año 2000 se lanzó la PSone (también llamado modelo slim). Tuvo gran éxito al implantar el CD-ROM dentro de su hardware a pesar de que otras compañías como SEGA (Sega CD), Panasonic (3DO), Philips (CD-i), SNK (Neo Geo CD), NEC (Super CD-ROM) y Atari (Atari Jaguar) ya lo habían empleado. Dichas compañías tuvieron poco éxito al utilizar el CD-ROM como soporte para almacenar juegos. Se estima que Sony pudo vender 105 500 000 unidades de su videoconsola en diez años. La consola fue retirada oficialmente del mercado el 23 de marzo de 2006.', 'ps1.jpg', ''),
(6, 'Game Cube', '2002-05-03', 199, 9, 'Nintendo GameCube también llamada simplemente GameCube y abreviada como GCN en América y NGC en Japón, es la quinta consola de sobremesa hecha por Nintendo. Es la sucesora del Nintendo 64 y la predecesora del Wii. \r\nSus principales características son su procesador central basado en un IBM PowerPC (tecnología previa utilizada en computadoras personales y portátiles), y su procesador gráfico desarrollado por ATI Technologies. Nintendo, por primera vez, prescinde del cartucho (ROM) como formato de almacenamiento, y adopta un formato óptico propio, el Nintendo Optical Disc. El nombre «GameCube» se debe a que el sistema tiene la forma parecida a la de un cubo. Es además la primera consola de Nintendo que no cuenta en su fecha de lanzamiento con un juego de Mario, mascota oficial de la compañía. \r\nLa consola fue lanzada el 14 de septiembre de 2001 en Japón, el 18 de noviembre de 2001 en Norteamérica, el 3 de mayo de 2002 en Europa y el 17 de mayo de 2002 en Australia. Fue descontinuada el 28 de octubre de 2007 en Japón, el 17 de mayo de 2008 en Europa y el 15 de junio de 2008 en Norteamérica y el último videojuego fue Madden NFL 08.56 Según las cifras oficiales, el GameCube logró vender 21 740 000 unidades mundialmente. \r\n', 'gamecube.jpg', ''),
(7, 'Nintendo 3DS', '2011-02-26', 250, 9, 'Nintendo 3DS es una videoconsola portátil de la multinacional de origen japonés, Nintendo, para videojuegos y multimedia, cuya atracción principal es poder mostrar gráficos en 3D sin necesidad de gafas especiales, gracias a la autoestereoscopia.10 La consola es retrocompatible con la Nintendo DS y con el software de DSiWare.10 Tras haberse anunciado en 2010, Nintendo lo presentó oficialmente en el E3 2010,1011 llevando consolas de prueba para los asistentes al evento.12 La consola es la sucesora de la serie portátil Nintendo DS10 y compitió principalmente con su único rival en el mercado, la PlayStation Vita de Sony.13 \r\nNintendo 3DS fue lanzada el 26 de febrero de 2011 en Japón; el 25 de marzo de 2011 en Europa; el 27 de marzo de 2011 en América del Norte;1415 y en Australia el 31 de marzo de 2011. El 28 de julio de 2011, Nintendo anunció una bajada drástica de precio que sería efectiva desde el 12 de agosto. Como compensación, los compradores que la hubieran adquirido antes de la bajada de precio recibirían gratuitamente diez juegos de Nintendo Entertainment System desde el 1 de septiembre de 2011 y otros 10 de Game Boy Advance desde el 16 de diciembre, descargables desde la Nintendo eShop.16 \r\nEl 17 de septiembre de 2020, Nintendo anunció el cese de producción de la Nintendo 2DS XL, la única consola de la Familia Nintendo 3DS que quedaba en producción en ese entonces, dando fin a la Familia Nintendo 3DS y centrándose completamente en la familia Nintendo Switch\r\n', '3ds.jpeg', ''),
(8, 'Wii U', '2012-11-30', 299, 15, 'Wii U con nombre clave Project Café,9 es una consola perteneciente a la octava generación de videoconsolas,10111213 siendo la séptima consola de sobremesa creada por Nintendo y directa sucesora de Wii.9 La consola fue lanzada el 18 de noviembre de 2012 en terreno norteamericano siendo su fecha de apertura.1415 Se presentó en la conferencia de Nintendo durante el Electronic Entertainment Expo 2011 el 7 de junio de 2011.16Competía principalmente con la PlayStation 4 de Sony y la Xbox One de Microsoft. \r\nWii U es la primera consola de Nintendo en producir gráficos en alta definición hasta una resolución de 1080p. Incluye un nuevo mando que incorpora una pantalla táctil que recibe señal en calidad 480p de la consola, lo que permite seguir jugando incluso cuando el televisor está apagado. A este nuevo mando se le ha denominado: Wii U GamePad. El sistema es retrocompatible con los juegos de Wii, y soporta los periféricos de Wii, como el Wiimote o la Wii Balance Board e incluyendo la tecnología NFC,17 además de que es compatible con las figuras y cartas amiibo como accesorio propio (también compatibles en la Nintendo 3DS, que modifican la forma de jugar videojuegos). Sin embargo, no es retrocompatible con los periféricos de Nintendo GameCube (a excepción del mando que se conecta mediante un adaptador) pero tiene capacidad de descargar los videojuegos desde la consola virtual.18 \r\nA finales de mayo de 2017, Nintendo cesó la fabricación de la consola Wii U. El último videojuego publicado para la consola Wii U fue The Legend of Zelda: Breath of the Wild.\r\n', 'wiiu.jpg', ''),
(9, 'Playstation 2', '2000-11-24', 450, 5, 'La PlayStation 2 (oficialmente abreviada como PS2) es la segunda videoconsola de sobremesa producida por Sony Computer Entertainment, y la tercera consola de Sony en ser diseñada por Ken Kutaragi. Además de ser la sucesora de la PlayStation. \r\nFue lanzada por primera vez el 4 de marzo del año 2000 en Japón, y unos meses después en el resto del mundo. Es la videoconsola más vendida de la historia, con más de 160 millones de unidades vendidas. Esta consola es también la que más títulos posee, aproximadamente 3870 títulos, seguida por su predecesora la PlayStation con unos 2500 títulos. Esta cantidad de títulos dada la extraordinaria acogida por parte del público en general hacia la misma, lo que incluso la consolidó como la consola con más tiempo en el mercado y a su vez la consola con más duración en el mismo, hasta que el 3 de enero del año 2013 se decide detener su fabricación tras 13 años de actividad\r\n\r\n', 'ps2.jpg', ''),
(10, 'PC', '1980-04-04', 1500, 6, 'Una computadora personal, computador personal u ordenador, conocida como PC (siglas en inglés de Personal Computer), es un tipo de microcomputadora diseñada en principio para ser utilizada por una sola persona. Habitualmente, la sigla PC se refiere a las computadoras IBM PC compatibles. Una computadora personal es generalmente de tamaño medio y es usada por un solo usuario (aunque hay sistemas operativos que permiten varios usuarios simultáneamente, lo que es conocido como multiusuario). Suele denominarse ordenador de sobremesa, debido a su posición estática e imposibilidad de transporte a diferencia de un ordenador portátil.\n\nUna computadora personal suele estar equipada para cumplir tareas comunes de la informática moderna, es decir, permite navegar por Internet, estudiar, escribir textos y realizar otros trabajos de oficina o educativos, como editar textos y bases de datos, a ocho demás de actividades de ocio, como escuchar música, ver videos, jugar, etc.\n\nEn cuanto a su movilidad podemos distinguir entre computadora de escritorio y computadora portátil. ', 'pc.jpg', ''),
(11, 'Super Nintendo', '1992-06-12', 180, 12, 'La Super Nintendo Entertainment System, conocida popularmente como la Super Nintendo, también llamada la Super Famicom (japonés: スーパーファミコン, Hepburn: Sūpā Famikon) en Japón7​ (abreviada SFC) y la Hyundai Super Comboy (hangul: 현대 슈퍼 컴보이, romanización revisada: Hyeondae Syupeo Keomboi) en Corea del Sur,8​ también nombrada oficialmente de forma abreviada como la Super NES o SNES en América9​ y como la Super Nintendo en Europa,10​ es la tercera videoconsola de sobremesa de Nintendo y la sucesora de Nintendo Entertainment System (NES) en América y Europa. Mantuvo una gran rivalidad en todo el mundo con la Sega Mega Drive (o Sega Genesis) durante la era de 16 bits. Fue descontinuada en el año 1999 (2003 en Japón)11​ y años más tarde, fue relanzada virtualmente a través de la Consola Virtual en la Wii en 2006, Wii U en 2013, Nintendo 3DS (solo la versión New) en 2016 y Nintendo Switch en 2019 (no a través de la Consola Virtual, si no a través del servicio en línea Nintendo Switch Online).\n\nFue la más exitosa y vendida de la era de los 16 bits. Gracias al chip Super FX, la SNES tuvo los primeros videojuegos totalmente tridimensionales en la consola, siendo Star Fox el primer videojuego para consola de videojuegos con gráficos completamente tridimensionales', 'supernintendo.jpg', ''),
(33, 'Game Boy', '1991-01-21', 175, 20, 'Game Boy (Japonés: ゲームボーイ ', 'Gameboy.jpg', ''),
(35, 'Wii', '2006-12-09', 200, 20, 'Nintendo Wii (ニンテンドーウィー Nintendō Uī?) es la sexta videoconsola producida por Nintendo y estrenada el 19 de noviembre de 2006 en Norteamérica y el 8 de  diciembre del mismo año en Europa. Perteneciente a la séptima generación de videoconsolas,​ es la sucesora directa de GameCube y compitió con la Xbox 360 de Microsoft y  la PlayStation 3 de Sony. Nintendo afirmó que Wii está destinada a una audiencia más amplia a diferencia de las otras dos consolas.​  Desde su debut, la consola superó a sus competidoras en cuanto a ventas, y, en diciembre de 2009, rompió el récord como la consola más vendida en un solo mes en Estados Unidos.', 'wii.jpg', '');

-- --------------------------------------------------------

--
-- Estructura de tabla para la tabla `productos`
--

CREATE TABLE `productos` (
  `idProductos` int(11) NOT NULL,
  `IdVideojuego` int(11) NOT NULL,
  `IdPlataforma` int(11) NOT NULL,
  `Stock` int(11) NOT NULL,
  `Precio` varchar(45) COLLATE utf8_bin DEFAULT NULL,
  `tipo` int(11) DEFAULT NULL
) ENGINE=InnoDB DEFAULT CHARSET=utf8 COLLATE=utf8_bin;

--
-- Volcado de datos para la tabla `productos`
--

INSERT INTO `productos` (`idProductos`, `IdVideojuego`, `IdPlataforma`, `Stock`, `Precio`, `tipo`) VALUES
(2, 1, 7, 9, '45.90', NULL),
(3, 2, 1, 15, '85.90', NULL),
(4, 2, 7, 10, '45.90', NULL),
(5, 3, 6, 15, '59.90', NULL),
(6, 3, 8, 23, '59.90', NULL),
(7, 4, 2, 44, '59.90', NULL),
(8, 5, 5, 25, '45.90', NULL),
(9, 6, 4, 11, '39.90', NULL),
(10, 7, 3, 200, '79.90', NULL),
(11, 8, 9, 1, '45.90', NULL),
(12, 8, 7, 13, '30.90', NULL),
(13, 10, 10, 125, '69.90', NULL),
(14, 11, 11, 0, '200', NULL),
(15, 11, 7, 23, '45.90', NULL),
(16, 11, 8, 12, '35.90', NULL),
(19, 16, 10, 100000, '0', NULL),
(26, 17, 33, 5, '40', NULL),
(33, 28, 35, 15, '25', NULL);

-- --------------------------------------------------------

--
-- Estructura de tabla para la tabla `usuario`
--

CREATE TABLE `usuario` (
  `idUsuario` int(11) NOT NULL,
  `Usuario` varchar(20) COLLATE utf8_bin NOT NULL COMMENT 'El usuario debe ser único en la Base de Datos. Además debe tener una longitud mínima de 6 caracteres.',
  `Password` varchar(45) COLLATE utf8_bin NOT NULL COMMENT 'La contraseña no puede ser nula.\nTiene que tener una longitud mínima de 8 caracteres, contener números y algún carácter especial de la siguiente lista (!,@,#,$,%,&,?,¿,*,€)',
  `Nombre` varchar(45) COLLATE utf8_bin NOT NULL,
  `Apellido1` varchar(45) COLLATE utf8_bin NOT NULL,
  `Apellido2` varchar(45) COLLATE utf8_bin DEFAULT NULL,
  `Telefono` varchar(10) COLLATE utf8_bin NOT NULL COMMENT 'Se comprobará que solo puedan ser teléfonos nacionales',
  `Email` varchar(45) COLLATE utf8_bin NOT NULL COMMENT 'Se comprobará que es un email válido',
  `CP` varchar(5) COLLATE utf8_bin NOT NULL,
  `Provincia` varchar(45) COLLATE utf8_bin NOT NULL COMMENT 'Se comprobará que la provincia introducida concuerda con el CP introducido',
  `ComunidadAutonoma` varchar(45) COLLATE utf8_bin NOT NULL COMMENT 'Se comprobará que la provincia seleccionada pertenece a la comunidad autónoma correspondiente',
  `Rol` varchar(45) COLLATE utf8_bin NOT NULL,
  `DNI` varchar(9) COLLATE utf8_bin NOT NULL,
  `Direccion` varchar(45) COLLATE utf8_bin NOT NULL
) ENGINE=InnoDB DEFAULT CHARSET=utf8 COLLATE=utf8_bin;

--
-- Volcado de datos para la tabla `usuario`
--

INSERT INTO `usuario` (`idUsuario`, `Usuario`, `Password`, `Nombre`, `Apellido1`, `Apellido2`, `Telefono`, `Email`, `CP`, `Provincia`, `ComunidadAutonoma`, `Rol`, `DNI`, `Direccion`) VALUES
(32, 'Admin545212', 'Alumn@2020', 'María', 'Muñoz', 'eee', '674645945', 'maria2020@gmail.com', '52005', 'Melilla', 'Melilla', 'admin', '07093244K', 'Carretera Alfonso XIII n°59 3°A'),
(33, 'Tiebais', 'Alumn@2020', 'Tieb', 'Aissa', 'Aissa', '666699863', 'alumno@gmail.com', '52001', 'Melilla', 'Melilla', 'usuario', '45311340Y', '');

-- --------------------------------------------------------

--
-- Estructura de tabla para la tabla `videojuego`
--

CREATE TABLE `videojuego` (
  `idVideojuego` int(11) NOT NULL,
  `Titulo` varchar(45) COLLATE utf8_bin NOT NULL,
  `Compania` varchar(45) COLLATE utf8_bin NOT NULL,
  `Publicacion` date NOT NULL,
  `Descripcion` longtext COLLATE utf8_bin NOT NULL,
  `Imagen` varchar(2050) COLLATE utf8_bin DEFAULT NULL COMMENT 'Url de la imagen de la carátula del juego'
) ENGINE=InnoDB DEFAULT CHARSET=utf8 COLLATE=utf8_bin;

--
-- Volcado de datos para la tabla `videojuego`
--

INSERT INTO `videojuego` (`idVideojuego`, `Titulo`, `Compania`, `Publicacion`, `Descripcion`, `Imagen`) VALUES
(1, 'The Legend of Zelda: Ocarina of Time', 'Nintendo', '1998-11-28', 'The Legend of Zelda: Ocarina of Time 3D lleva al clásico para Nintendo 64 (uno de los videojuegos más alabados por la crítica de todos los tiempos) a la consola Nintendo 3DS y le añade la profundidad y el realismo de unos impresionantes gráficos 3D sin gafas. Link se embarca en un periplo de leyenda a través del tiempo para detener a Ganondorf, el rey de los ladrones Gerudo, que busca la Triforce: una reliquia sagrada que otorga poder ilimitado a su poseedor.Las mejoras gráficas y la profundidad tridimensional insuflan una nueva vida al vasto mundo de Hyrule. Una intuitiva interfaz mejorada, combinada con la sencilla navegación que ofrecen los gráficos tridimensionales te darán más control a la hora de resolver puzles, viajar en el tiempo y explorar este envolvente mundo. Ya seas veterano o neófito en Hyrule, The Legend of Zelda: Ocarina of Time 3D es una aventura que te resultará totalmente nueva.Características:     Un Zelda clásico en 3D sin gafas: Una de las franquicias más populares vuelve a la vida con increíbles gráficos 3D y una completa puesta a punto artística, poniéndote en la palma de la mano este asombroso mundo para que lo explores cuando tú quieras.    Nuevos controles basados en la tecnología de la consola Nintendo 3DS: The Legend of Zelda: Ocarina of Time 3D mantiene el control analógico del original, usando el botón deslizante de Nintendo 3DS, pero el sistema de inventario es mucho más fácil de usar gracias a la pantalla táctil. Nunca ha sido tan facil y rápido cambiar de objetos.    También tienes la posibilidad de usar el sensor de giro para controlar la cámara para disparar.The Legend of Zelda: Ocarina of Time 3D lleva al clásico para Nintendo 64 (uno de los videojuegos más alabados por la crítica de todos los tiempos) a la consola Nintendo 3DS y le añade la profundidad y el realismo de unos impresionantes gráficos 3D sin gafas.Link se embarca en un periplo de leyenda a través del tiempo para detener a Ganondorf, el rey de los ladrones Gerudo, que busca la Triforce: una reliquia sagrada que otorga poder ilimitado a su poseedor.Las mejoras gráficas y la profundidad tridimensional insuflan una nueva vida al vasto mundo de Hyrule. Una intuitiva interfaz mejorada, combinada con la sencilla navegación que ofrecen los gráficos tridimensionales te darán más control a la hora de resolver puzles, viajar en el tiempo y explorar este envolvente mundo. Ya seas veterano o neófito en Hyrule, The Legend of Zelda: Ocarina of Time 3D es una aventura que te resultará totalmente nueva.', 'mariokartwiiu.jpg'),
(2, 'The Legend of Zelda: Majora\'s Mask', 'Nintendo', '2000-04-27', '\n\nEl remake del clásico de Nintendo 64 lanzado en el año 2000, continuación del videojuego The Legend of Zelda: Ocarina of Time, que la comunidad de jugadores estaba esperando.\n\nEste título tan aclamado por los seguidores de la serie The Legend of Zelda está considerado una de las aventuras más grandiosas y oscuras en las que el heróe Link se verá envuelto. En él deberás recorrer parajes que avanzan sin remisión hacia un destino fatal, poniéndote varias máscaras para transformarte y adquirir todo tipo de capacidades especiales, resolver enrevesados puzles, explorar complejas mazmorras y combatir feroces enemigos.\n\nÚnete a Link en su afán por evitar que el mundo de Términa se vea abocado a un infausto desenlace: en 72 horas, la luna se estrellará contra él y arrasará con todo lo que encuentre a su paso. Ayudándose de la mágica Ocarina del Tiempo, Link debe viajar en el tiempo y revivir los mismos tres días una y otra vez para impedir el cataclismo.\n\nCaracterísticas\n\n-  Un nuevo aspecto: Observa el mundo que te rodea con el sistema de control por movimientos de Nintendo 3DS. También puedes usar el botón deslizante Pro de Nintendo 3DS (a la venta por separado) en Nintendo 3DS o la nueva palanca C de New Nintendo 3DS para ajustar el ángulo de visión.\n- Con un solo toque: Accede a los objetos con mayor facilidad que nunca gracias a la pantalla táctil. Basta con tocar la pantalla de menú para seleccionar tu equipamiento, además de poder consultar mapas o asignar objetos de inventario en cuestión de segundos.\n- Contrarreloj: Anota todas tus misiones en el modernizado cuaderno de los Bomber. Puedes incluso programar alarmas para no pasar por alto ningún acontecimiento especial y ver dónde está la acción en el mapa pulsando rápidamente la pantalla táctil. El tiempo pasa inexorablemente, pero este tomo tan útil te ayudará a no dormirte en los laureles.\n- Partida a buen recaudo: Gracias a las estatuas de búho y los monumentos con forma de tintero repartidos por todo Términa, ahora podrás guardar tu avance en cualquier momento. Pero ten en cuenta lo siguiente: la partida ya no se guardará automáticamente regresando al alba del primer día.\n', 'ZeldaMM.png'),
(3, 'The Legend of Zelda: The wind waker', 'Nintendo', '2002-12-13', '\n\nEsta aventura épica de Legend of Zelda comienza con nuestro héroe sumido en una crisis familiar. La tranquila vida de Link en una pequeña isla se ve alterada un día aciago cuando su querida hermana es raptada por una enorme ave. Naturalmente, nuestro héroe inicia su rescate espada y escudo en mano. La búsqueda da lugar a una aventura épica por tierra y mar; en la que Link trata de encontrar pistas sobre el paradero de su hermana.\n\nPor su animación excepcional, The Legend of Zelda: The Wind Waker sobrepasa la originalidad de Ocarina of Time y Majora\'s Mask para Nintendo 64 y nos ofrece una experiencia única propia de la saga. Verás que la expresión de los personajes cambia al reírse, llorar, enfadarse o sorprenderse y que estos llevan a cabo distintas acciones que los llenan de vida. Además, el mundo de Link nunca ha sido tan atmosférico. Los alucinantes efectos como el fuego, sombras y humo te hacen sentirte aún más parte de la acción.\n\nObviamente, la fantástica jugabilidad que caracteriza la saga está presente en The Wind Waker. Link puede atacar con la espada (con un nuevo potente movimiento), desviar golpes con el escudo, meterse por huecos, y -por primera vez- recoger armas que sueltan los enemigos. Por otro lado, The Legend of Zelda: The Wind Waker cuenta con ese increíble sistema intuitivo de manejo que los fans de Zelda esperan siempre de esta apreciada saga.\n', 'ZeldaTWW.jpg'),
(4, 'The Legend of Zelda: Breath of the Wild', 'Nintendo', '2017-03-04', ' Abre los ojos. Despierta, Link\n\nCinco años después de la última entrega original para sobremesa, el futuro de la serie The Legend of Zelda llega a Nintendo Switch y Wii U replanteando por completo las bases de la saga. Producido por Eiji Aonuma, The Legend of Zelda: Breath of the Wild te sumergirá en un mundo de descubrimiento con un impresionante estilo artístico similar a The Wind Waker o Skyward Sword, una cautivadora banda sonora y una intrigante y melancólica historia. Despierta tras un siglo de letargo, adéntrate en el Hyrule más amplio y abierto jamás creado por las tres grandes Diosas y forja tu propio camino con el orden y aventuras que quieras.\n\nLa historia de la familia real de Hyrule es también la historia del cataclismo. Y la historia del cataclismo siempre ha sido la de Ganon. Descubre el enigmático pasado de esta asolada tierra, un mundo entero repleto de aventuras que espera ser explorado, y viaja como Link por bastos campos, espesos bosques y cumbres nevadas bajo el cielo abierto de Hyrule para revelar cómo la oscuridad se impuso sobre la luz.\n\nCaracterísticas:\n \n\n    Olvida todas las convenciones de The Legend of Zelda y adéntrate en un enorme y abierto Hyrule, lucha contra temibles enemigos, caza feroces bestias y recolecta ingredientes para preparar comidas y elixires con los que subsistir.\n    Resuelve los puzles que albergan los más de cien santuarios diferentes, ábrete camino entre sus trampas y consigue objetos especiales e ítems que te serán de ayuda en tu recorrido.\n    Prepárate a conciencia y aprovecha las cualidades de variados atuendos y equipamiento para adaptarte al clima o aprovechar efectos especiales como ser más rápido o más sigiloso.\n    Pon a prueba tu capacidad estratégica utilizando a tu favor el entorno y elaborando las estrategias adecuadas con las que acabar con enemigos de todas las formas y tamaños.\n    Como es peligroso ir solo… ¡Lleva un amiibo! The Legend of Zelda: Breath of the Wild es compatible con figuras amiibo de la serie que te otorgarán recompensas en forma de cofres o, con la figura Link Lobo de Twilight Princess, recibe la asistencia del temible animal para luchar contra enemigos o encontrar más fácilmente objetos.\n\nThe Legend of Zelda es una serie de videojuegos de acción-aventura creada por los diseñadores japoneses Shigeru Miyamoto y Takashi Tezuka,? y desarrollada por Nintendo, empresa que también se encarga de su distribución internacional. Su trama por lo general describe las heroicas aventuras del joven guerrero Link, que debe enfrentarse a peligros y resolver acertijos para ayudar a la Princesa Zelda a derrotar a Ganondorf y salvar su hogar, el reino de Hyrule.\n\nEntra en un mundo de aventura\nOlvida todo lo que sabes sobre los juegos de The Legend of Zelda. Entra en un mundo de descubrimientos, exploración y aventura en The Legend of Zelda: Breath of the Wild, un nuevo juego de la aclamada serie que rompe con las convenciones. Viaja por praderas, bosques y cumbres montañosas para descubrir qué ha sido del asolado reino de Hyrule en esta maravillosa aventura a cielo abierto.\n', 'ZeldaBOTW.jpg'),
(5, 'Final Fantasy IX', 'Square', '2000-07-07', '\n\nPrepárate para la fantasía final más vendida de la historia. Final Fantasy VII para PlayStation 4. un remake con impresionantes gráficos que hará que tanto los fans de la saga como los nuevos seguidores revivan los momentos favoritos remasterizados en alta definición.\n\nEl mundo está dominado por la compañía eléctrica Shinra, una siniestra corporación que controla la energía mako, la fuerza vital del planeta. En la enorme ciudad de Midgar, una organización contraria a Shinra llamada Avalancha intensifica su resistencia. Cloud Strife, un antiguo miembro de la unidad de élite Soldado convertido en mercenario, presta su ayuda al grupo sin saber las épicas consecuencias que esto acarreará.\n\nFinal Fantasy VII Remake es una reinvención del emblemático título original con una historia impresionante, combates épicos y personajes inolvidables, como Cloud Strife, un exsoldado de Shrinra o Tifa Lockhart la luchadora.\n \nCloud era un miembro de 1ª clase de SOLDADO, el rango más alto dentro del brazo militar de Shinra. Ahora, sin embargo, ha decidido cambiar de bando. La misión de destrucción en el reactor Mako nº1, donde comienza el juego, es su primer trabajo para Avalancha. Cloud es un amigo de la infancia de Tifa, el único motivo por el que Barret se \"fía\" (no del todo) de él. Cloud es un luchador de corta distancia. Usa espadas a dos manos para barrer por completo a los enemigos, pero tiene problemas para poder golpear enemigos lejanos si no tiene acceso a magia. a luchadora.\n \nTifa Lockhart creció junto a Cloud en Nibelheim, pero el futuro llevó a ambos por rutas muy distintas. Ella llegó a Midgar y terminó regentando el Séptimo Cielo, un bar en el Sector 7. Ahí sirve de apoyo para Avalancha, y avala a Cloud cuando Barret decide usar a un mercenario en su siguiente misión.\n \nLa Ciudad de Midgard. Midgar es la mayor ciudad de Final Fantasy VII. Gobernado por el Alcalde Dominio, afiliado a Shinra, situada en el Continente Este, Midgar es la capital y sede mundial de la Compañía de Energía Eléctrica Shinra, que para este remake se ha hecho con todo lujo de detalles, recorre todas sus calles y disfruta de todas las aventuras que esconde. Midgar es una ciudad futurística, construida en forma circular y cuyos pilares son sus 8 reactores Mako, las 8 maravillas de la ciencia y que acumulan un enorme poder. Estos reactores, además de absorber energía del planeta, permiten surtir de energía eléctrica a toda la ciudad, algo impensable de cualquier otra manera común, y dan trabajo a miles de personas en toda la ciudad.\n \nEl poder de los Shinra es enorme en Midgar; controlan todo lo que esté a su alcance y los impuestos que los ciudadanos tienen que pagar son bastante abusivos, lo que conlleva a una situación difícil que a los Shinra no parece importarles demasiado.\n\nEs una ciudad de grandes contrastes; por un lado dispone de una gran economía y lugares con enormes edificios y muchos lujos, como dispone también de enormes suburbios donde los mas pobres, que son muchos, sobreviven como buenamente pueden.\n\nLas murallas de la ciudad, así como los poderosos ejércitos Shinra que hay allí, protegen a Midgar de cualquier ataque de los monstruos de la zona; de este modo, la ciudad resulta impenetrable para cualquier ejército invasor.\n\nDentro de Midgar podrás encontrar el Mercado Muro, probablemente el mercado más importante y conocido del mundo, donde podrás encontrar cualquier cosa que tu dinero pueda comprar: Materias, vestidos, armas, mujeres, trabajos, bebidas, material de construcción, mano de obra, y muchas cosas más al alcance de aquel que lo pueda pagar.Los diversos bares, restaurantes, posadas y tiendas de elementos, así como otros lugares de interés como el gimnasio o la Taberna de la Abeja, convierten el mercado muro en la principal atracción turística de los forasteros en Midgar. El Mercado Muro está controlado por Don corneo, el hombre más poderoso del mercado y un mafioso de armas tomar; dispone de su propia mansión al final del mercado, donde controla todas sus posesiones y beneficios, y dispone de un séquito de guardaespaldas a sueldo que lo convierten en un hombre inalcanzable para sus enemigos.\n\nEn los distintos sectores de la zona encontrarás diferentes tiendas, bares y demás localizaciones; todas ellas se caracterizan por su humildad y bajo presupuesto ya que la economía del 70% de los ciudadanos de Midgar está en lo más bajo por culpa de los impuestos de los Shinra.\n\nEl servicio de trenes es el más usado para moverse entre los 8 sectores de Midgar; tanto ciudadanos normales como poderosos y ricos empleados de Shinra lo utilizan a diario, ya que la afluencia de vehículos en Midgar es la más grande de todo el planeta y ello provoca grandes retrasos en los viajes por carretera. La vegetación en Midgar más que escasa es prácticamente nula, y los ciudadanos que viven en los suburbios jamás pueden ver la luz del sol o las estrellas por culpa de las enormes placas superiores que sostienen la ciudad y los reactores.\n\nCaracterísticas:\n\n \n\n    El rediseño y ampliación de uno de los RPG más innovadores de su época, transcurrirá en la ciudad de Midgar y ofrecerá una experiencia de juego totalmente independiente.\n\n\nEl mundo está dominado por la compañía eléctrica Shinra, una siniestra corporación que controla la energía mako, la fuerza vital del planeta. En la enorme ciudad de Midgar, una organización contraria a Shinra llamada Avalancha intensifica su resistencia. Cloud Strife, un antiguo miembro de la unidad de élite Soldado convertido en mercenario, presta su ayuda al grupo sin saber las épicas consecuencias que esto acarreará.\n\nEl primer título de este proyecto, el rediseño y ampliación de uno de los RPG más innovadores de su época, transcurrirá en la ciudad de Midgar y ofrecerá una experiencia de juego totalmente independiente.\n', 'FFIX.jpg'),
(6, 'Bloodborne', 'From Software', '2015-03-26', 'Hazte con Bloodborne en para PlayStation 4 y encarna al cazador, uno de los mejores juegos para PlayStation 4. Un juego de acción tan exigente como desafiante. ¿Estarás a la altura de este reto o perecerás en el intento? Con una ambientación tétrica y oscura, este RPG de acción se ha convertido en uno de los clásicos más célebres de PlayStation 4.\r\n \r\nEl miedo te llevará a la salvación. Hidetaka Miyazaki y FromSoftware, creadores de los legendarios títulos de rol Demon\'s Souls, Dark Souls y Dark Souls II, te ofrecen Bloodborne, un nuevo juego de rol y acción repleto de terror brutal e incesante desarrollado en exclusiva para PlayStation 4.\r\n \r\nHaz frente a tus miedos mientras buscas respuestas en la antigua ciudad de Yharnam, maldecida con una extraña enfermedad endémica que se propaga por la calles como la pólvora. El peligro siempre está presente en este terrorífico mundo y, para sobrevivir, deberás desvelar sus secretos más oscuros.\r\n \r\nBloodborne presenta elementos de RPG-acción en tercera persona y primera persona, similar a los anteriores videojuegos dirigidos por Hidetaka Miyazaki, Demon\'s Souls y Dark Souls.\r\n \r\nUn viaje a un mundo gótico decadente y terrorífico donde el peligro y la locura acechan en cada oscuro rincón. Golpeado por una extraña plaga, has viajado a este lugar infernal siguiendo los rumores de una aún más misteriosa cura, para descubrir que ha sido asolado por las víctimas de dicha plaga.\r\n \r\nAtrocidades sacadas de las peores pesadillas han cobrado vida en forma de seres horriblemente deformados, horrores a los que debes enfrentarte si quieres sobrevivir. Aunque los caminos que te esperan están llenos de peligros, no puedes volver atrás; el tiempo es oro y tras de ti tan solo encontrarás una muerte segura. Experimenta un intenso juego de acción y rol en el que el miedo a lo inesperado te empuja hacia adelante. Entra en combates tácticos con infinidad de armas, desarrolla tus habilidades y tu carácter recorriendo el camino sólo, o únete a otros para enfrentarte a los desafíos en modo cooperativo multijugador.\r\n \r\nPrepárate para enfrentarte contra tus peores miedos en Bloodborne, la nueva creación de From Software, la compañía que ya entretuvo a millones de personas con la saga Souls. Para este título retoman los rasgos que más han representado a sus juegos precedentes, aunque con un toque diferente en la ambientación que le permite brillar de una forma independiente. Pero no temas, los enfrentamientos que vivirás en Bloodborne te proporcionarán un nivel de desafío tan elevado como hayas podido imaginar.\r\n \r\nElige tu arma, define tu personaje, dale el aspecto que te gustaría tener en un mundo de oscuridad y destrucción. Prepárate, una vez hayas hecho esto, a conocer uno de los juegos que hacen que PlayStation 4 deslumbre con su potencial gráfico. El estilo de juego hará que te superes una vez tras otra, que estudies y analices a los enemigos y que busques la mejor manera de derrotarlos haciendo uso de las armas que tengas a tu disposición.\r\n \r\nLas armas. La mayoría de las armas cuerpo a cuerpo, llamadas Trick Weapons, pueden transformarse en dos estados alternos; cada estado fomenta un enfoque diferente para el combate. El arma Cuchilla Dentada, por ejemplo, en su estado inicial puede blandirse con una sola mano y ser utilizada para despachar rápidamente enemigos en áreas estrechas, pero cuando se transforma en su estado secundario, se convierte en una hoja extendida para dos manos más adecuada para el control de multitudes (la cuchilla dentada se puede usar solo a una mano tanto en su versión corta como en la extendida, otras armas como el hacha de cazador no).El jugador también puede empuñar un arma de fuego en la mano izquierda, que se puede utilizar para aturdir a los enemigos, que entonces puede continuarse con un ataque crítico de rango cercano. Otras armas incluyen una antorcha, un cañón, un escudo de madera, un martillo, una espada, un arma de fuego de dos manos y un hacha.\r\n \r\nLos enemigos. De manera similar que en el videojuego Dark Souls, los enemigos dejan caer puntos de experiencia en la forma de Ecos de Sangre. Si el personaje del jugador llegara a morir, sus Ecos de Sangre se perderán en el lugar específico de su muerte. Si fuera capaz de regresar a ese punto nuevamente, pueden recuperarlos. Sin embargo, si el jugador muere por segunda vez en su trayecto para recuperar sus Ecos de Sangre perdidos, estos se perderán para siempre. Los Ecos de Sangre también pueden ser capturados por un adversario, normalmente identificado por sus ojos azules resplandecientes. Derrotar a este adversario devolverá los Ecos de Sangre perdidos. Si ningún adversario sostiene los Ecos de Sangre, estarán en el suelo cerca de la ubicación de la muerte del personaje del jugador.\r\n \r\nInsight es una forma secundaria de divisas; que se puede gastar para comprar artículos y dependiendo del nivel de Insight del jugador, el mundo cambiara de muchas maneras diferentes. Cuando el jugador llega a un nivel específico de Insight, algunos PnJs o enemigos podrían ya no estar presentes, el personaje del jugador podría empezar a escuchar diferentes sonidos (como un bebé llorando y susurros misteriosos), o los patrones de ataque de los enemigos pueden cambiar. Insight puede adquirirse al encontrar y derrotar a los jefes o al usar objetos que otorguen Insight.\r\n \r\nCuando los enemigos son derrotados, también dejan caer elementos útiles para el jugador, como Viales de Sangre que son utilizados como pociones curativas, y Balas de Mercurio, las municiones genéricas para las armas de fuego disponibles. Los jugadores también pueden sacrificar parte de su vitalidad para crear Balas de Sangre para su armamento a distancia.\r\n \r\nLos elementos ocultos en el entorno por lo general requieren que el jugador se dirija por un camino diferente al que estaba transitando inicialmente. Otros artículos que el jugador puede encontrar incluyen Coldblood Dew, que otorga al jugador Ecos de Sangre, Antídoto, que se utiliza cuando el jugador ha sido envenenado, Madman\'s Knowledge, que otorga al jugador Insight, e insignias Hunter, un elemento que permite al jugador comprar más artículos en el Sueño del Cazador.16?17? El jugador puede equipar Gemas de Sangre, Fragmentos de Sangre, o Runas Caryll que, cuando son descubiertas, le otorgan a las armas del jugador o al propio jugador bonos específicos.18? Por ejemplo, una Runa Caryll pueden reducir la cantidad total de vigor que consume el jugador.\r\n \r\nEl aspecto multijugador también está presente. Al gastar un artículo consumible, los jugadores pueden convocar a otros jugadores, para que ayuden en batallas contra jefes o grandes grupos de enemigos. Esto también deja al jugador vulnerable a las invasiones, en las cuales otro jugador puede invadir el mundo del juego de la víctima y tratar de matarle, a menos que el jugador puede encontrar y derrotar a un PnJ especial antes de que invada un jugador enemigo.\r\n \r\nLas convocaciones multijugador también están limitadas por la proximidad; los jugadores solo pueden ser convocados a una distancia específica entre cada uno de los otros, por lo general cerca de las entradas hacia las batallas contra jefes, para evitar que los jugadores sean convocados demasiado lejos para ser de alguna ayuda. Además, los jugadores solo pueden convocar a otros jugadores que tengan un nivel cercano al de ellos mismos, para así evitar que el videojuego sea demasiado difícil o demasiado fácil, para algunos de los jugadores.\r\n \r\nUna de las novedades que difiere de los videojuegos Souls anteriores son los Chalice Dungeons. Estos son calabozos generados de manera aleatoria que varían en dimensión y dificultad, los cuales pueden ser reformados mediante la realización de un ritual con un cáliz en el Sueño del Cazador.\r\n \r\nLos Chalice Dungeons son opcionales que proporcionan al jugador artículos y equipos adicionales. Su jugabilidad es muy similar a la historia principal en que contiene diversas zonas y enemigos que el jugador atraviesa para completar el calabozo. Cada Chalice Dungeons contiene varios jefes que el jugador debe derrotar para progresar a través de los niveles del calabozo. Clases especiales de cofres saqueables que no se encuentran en la historia principal también están ocultos a través de estos calabozos. En los Chalice Dungeons, al igual que la historia principal, se puede jugar solo o en cooperación con otros jugadores.\r\n \r\nHazte con Bloodborne, un juego espectacular.\r\nEl miedo te llevará a la salvación\r\n\r\nHidetaka Miyazaki y FromSoftware, creadores de los legendarios títulos de rol Demon\'s Souls, Dark Souls y Dark Souls II te ofrecen Bloodborne, un nuevo juego de rol y acción repleto de terror brutal e incesante desarrollado en exclusiva para PlayStation 4.\r\n\r\nHaz frente a tus miedos mientras buscas respuestas en la antigua ciudad de Yharnam, maldecida con una extraña enfermedad endémica que se propaga por la calles como la pólvora. El peligro siempre está presente en este terrorífico mundo y, para sobrevivir, deberás desvelar sus secretos más oscuros.\r\n\r\n', 'Bloodborne.jpg'),
(7, 'Demon\'s Souls Remaque', 'BluePoint', '2020-11-23', 'Un clásico del genéro que inventó su propio género, llega a la próxima generación de consolas de SONY, reservalo ya para PlayStation 5 en Game.\n\nEn su búsqueda de poder, el 12º Rey de Boleraria, el Rey Allant, canalizó el antiguo Soul Arts, despertando a un demonio que permanecía aletargado desde los albores del tiempo, The Old One. Con el resurgir de The Old One, una terrible niebla se expandió a lo largo de las tierras, invocando monstruos y criaturas hambrientas de almas humanas.\n\nAquellos cuyas almas fueron arrebatadas, perdieron la cabeza, manteniendo únicamente el deseo de atacar a los seres cuerdos que seguían vivos. Ahora, Boleraria está aislada del mundo exterior, y aquellos caballeros que se atreven a penetrar en la profunda niebla para liberarla del terror, no han vuelto a ser vistos.\n\nComo un guerrero solitario que se ha adentrado en la peligrosa neblina, deberás hace frente al más difícil de los desafíos para ganar el título de “Asesino de demonios” y enviar al The Old One de vuelta a su letargo.', 'Demons.jpg'),
(8, 'Dragon Quest VIII: El periplo del rey maldito', 'Square Enix', '2004-11-27', 'Una siniestra amenaza se cierne sobre el reino y amenaza con destruirlo en DRAGON QUEST VIII: El periplo del Rey Maldito para la familia de consolas Nintendo 3DS.\r\nUna misión épica, un grupo de héroes por accidente y una terrible maldición...\r\n \r\nUn retorcido bufón ha lanzado una maldición sobre el reino de Trodain, transformando al rey en un trol, a la princesa en un caballo y sellando el Castillo de Trodain con enredaderas encantadas. En el papel de Hero, te embarcarás en una misión para poner freno al demente bufón y devolver el reino a la normalidad con la ayuda de los aliados que reclutes en tu camino.\r\n \r\n¡Lucha!\r\nLidera a un equipo de héroes a través de un mundo enorme plagado de siniestras mazmorras en las que tendréis que plantar cara a cientos de monstruos en clásicas batallas por turnos. Usa la astucia para derrotar a tus enemigos a tu propio ritmo, o usa la función \"acelerar\" para acabar con tus rivales más rápidamente.\r\nA medida que tus guerreros se vayan haciendo más fuertes, asígnales puntos de destreza para que aprendan nuevos hechizos, habilidades, etc. Equipa a tus héroes con los artefactos más novedosos para el combate y combina objetos viejos en el pote de alquimia para crear objetos nuevos instantáneamente.\r\n \r\nNo sigas el camino marcado...\r\nDurante tu aventura, asegúrate de explorar todos los pueblos, visitar todas las tiendas y emprender todas las misiones secundarias posibles. Forma un equipo de monstruos y llega a lo más alto en la Arena de Monstruos o saca fotos de tu aventura que podrás compartir con otros usuarios vía StreetPass.\r\nDescubre las otras novedades de la versión para Nintendo 3DS de DRAGON QUEST VIII: El periplo del Rey Maldito\r\n\r\n', 'DragonQuestVIII.jfif'),
(9, 'Dragon Ball Figtherz', 'Arc System Works', '2018-02-01', ' Llega la Lucha Definitiva\n\nVuelve la acción Dragon Ball a PlayStation 4, Xbox One y Nintendo Switch con Dragon Ball FighterZ, el juego de lucha 2D para la actual generación. Tras el éxito de Xenoverse, llega un nuevo Dragon Ball que mejora al máximo los gráficos del anime, con una mecánica fácil de aprender pero... Difícil de dominar.\n \n\nCaracterísticas:\n \n\nSoporte 3vs3 Tag.\nPermite al jugador entrenar y manejar el estilo de más de un luchador con lo que se consigue una jugabilidad más profunda.\n \n\nExcelentes gráficos anime\nEl poder del motor Unreal llevado a la máxima potencia para hacer de Dragon Ball FighterZ una hazaña de fuerza.\n \n\nLuchas espectaculares\nDisfruta de combos en el aíre, escenarios interactivos y famosas escenas del anime de Dragon Ball a una resolución de 60FPS y 1080p. Con mejores resoluciones incluso en PlayStyation 4 Pro y Xbox One X\n \n\nTras el éxito de la saga Xenoverse, llega un nuevo juego Dragon Ball de lucha en 2D para la generación actual de consolas.\nDRAGON BALL FighterZ vuelve con todo el contenido que ha hecho que las series DRAGON BALL sean tan apreciadas: espectaculares enfrentamientos sin fin con los luchadores más poderosos.\nDesarrollado por Arc System Works, DRAGON BALL FighterZ mejora al máximo los gráficos del anime y resulta fácil de aprender pero difícil de dominar.\n', 'DragonBallFigtherZ.jpeg'),
(10, 'World of Warcraft: Shadowlans', 'Blizzard', '2020-11-13', 'Enfréntate al más allá\nEl velo entre la vida y la muerte ya no existe.\n\nCon un único acto de destrucción, Sylvanas Brisaveloz ha abierto el camino al más allá. Los defensores más entregados de Azeroth han acabado en una oscuridad que lo devora todo. Una antigua fuerza mortal amenaza con romper sus ataduras y deshilachar la realidad.\n\nReinos ocultos de maravillas y terrores esperan a aquellos que se atrevan a pasar al otro lado. Las Tierras Sombrías albergan un reino de difuntos. Se trata de un mundo entre mundos cuyo delicado equilibro preserva la vida y la muerte.\n\nComo adalid de Azeroth, se te ha otorgado el poder de cruzar en cuerpo y alma. Ahora debes investigar una conspiración para deshacer el cosmos y ayudar a las leyendas del pasado y del presente de Warcraft a regresar a su hogar... o a cruzar al otro lado.', 'WOWShadowlands.jpeg'),
(11, 'Chrono Trigger', 'Square', '1995-03-11', '¡El clásico juego de rol regresa cargado \r\nde mejoras, viaja al pasado más remoto, al futuro lejano y al fin de los tiempos. \r\nComienza una gran aventura para salvar el planeta... \r\nChrono Trigger es el célebre juego de rol creado por un magnifico equipo compuesto por Yuji Horii (DRAGON QUEST) , Akira Toriyama (Dragon Ball) y los creadores de FINAL FANTASY. A medida que avanzas en la trama, viajarás a distintas épocas históricas: el presente, el Medioevo, el futuro, la Prehistoria y la Antigüedad. Esta apasionante aventura épica entretendrá horas y horas tanto a los entusiastas de la serie como a los jugadores noveles. \r\nEsta es la versión definitiva de CHRONO TRIGGER, y en ella se han actualizado los controles y se han renovado los gráficos y el sonido para que tu aventura sea todavía más agradable y divertida de jugar. Para completar tu viaje, este título también incluye las misteriosas mazmorras \"Vórtice dimensional\" y \"Santuario olvidado\". Enfréntate a los desafíos que te esperan y quizás consigas revelar secretos antiguos... \r\nHistoria \r\nGracias a un encuentro fortuito en la plaza de Lynne durante la Feria del milenio de Gardia, nuestro joven héroe Chrono se encuentra con una chica llamada Marle Deciden explorar la feria juntos y allí acuden a la exhibición de una nueva tecnología de teletransporte inventada por Lucca, la amiga de Crono. \r\nA Marle le pica la curiosidad y, como no le teme a nada, se ofrece voluntaria para participar en una demostración. Sin embargo, la máquina se estropea en el momento clave y envía a Marle a una dimensión alternativa. Crono encuentra el colgante de la chica y decide ir tras ella para salvarla, pero aparece en el pasado... Cuatrocientos años antes de su época. Viaja al pasado más remoto, al futuro lejano e incluso al fin de los tiempos. Esta épica aventura en la que debes salvar el planeta de un futuro desastroso va a volver a hacer historia. \r\n\r\n\r\n', 'ChronoTrigger.jpg'),
(16, 'League Of Legends', 'Riot', '2009-10-27', 'League of Legends (también conocido por sus siglas LoL) es un videojuego del género multijugador de arena de batalla en línea (MOBA) y deporte electrónico el cual fue desarrollado por Riot Games para Microsoft Windows y OS X y para consolas digitales. En un principio los servidores estaban alojados en la empresa GOA y fue vendida a la empresa china Tencent Holdings Limited.  El juego fue diseñado para el sistema operativo Microsoft Windows y lanzaron una beta para OS X dejando al poco tiempo el proyecto de lado.​ Esta beta ha sido mejorada por parte de usuarios del juego, haciendo posible jugar a una versión actualizada de League of Legends.  En octubre de 2012, contaba con 70 millones de jugadores registrados. Para marzo de 2013 se registró 5 millones de jugadores conectados al mismo tiempo en todo el mundo. Es un juego de alta competitividad siendo uno de los juegos más populares de los deportes electrónicos (e-sports).', 'LeagueOfLegends.jpg'),
(17, 'Pokemon Amarillo', 'Nitendo', '2000-06-17', 'Pokémon Yellow: Special Pikachu Edition (en español: Pokémon Edición Amarilla: Edición Especial Pikachu), conocido en Japón como: Pocket Monsters Pikachu (ポケットモンスターピカチュウ Poketto Monsutā Pikachū?, lit. Monstruos de Bolsillo Pikachu), es la tercera edición (cuarta en Japón) de los primeros videojuegos de pokémon del género RPG para Game Boy. Es muy similar a Pokémon Red y Blue. Fue lanzado el 12 de septiembre de 1998 en Japón, y conocido como Pocket Monsters: Pikachu, sin utilizar el color amarillo como identificativo. Popularmente es conocido como \"Pokemon Show\" por basarse algo más a la serie de televisión, que salió después de los primeros videojuegos.', 'Pokemon_amarillo.jpg'),
(28, 'Mario Kart Wii', 'Nintendo', '2018-04-10', 'Mario Kart Wii (マリオカートWii Mario Kāto Wī?) es un videojuego de carreras desarrollado y distribuido por Nintendo para la consola Wii. Es la sexta entrega de la serie Mario Kart (sin contar dos juegos de arcade) y la segunda en usar la conexión Wi-Fi de Nintendo. El juego fue lanzado mundialmente en abril de 2008, aunque en Corea del Sur se lanzó un año después.  En este juego, Mario y compañía compiten en carreras alocadas, divertidas y concurridas en el Reino Champiñón, esta vez con un gameplay muy similar al del anterior juego, Mario Kart DS lanzado en la consola Nintendo DS. Una novedad en Mario Kart Wii es que, en el juego, también se pueden usar motocicletas, además de los karts. El juego fue presentado durante la conferencia E3 de 2007 para Wii, mostrándose en un tráiler con el que aparecen ciertos personajes típicos de las series, nuevas pistas y otros detalles referentes a series pasadas.', 'MarioKartWii.jpg');

--
-- Índices para tablas volcadas
--

--
-- Indices de la tabla `cesta`
--
ALTER TABLE `cesta`
  ADD PRIMARY KEY (`idCesta`),
  ADD KEY `Cesta De_idx` (`idCliente`);

--
-- Indices de la tabla `item`
--
ALTER TABLE `item`
  ADD PRIMARY KEY (`idItem`),
  ADD KEY `Item Pertenece a Cesta_idx` (`idCesta`);

--
-- Indices de la tabla `plataforma`
--
ALTER TABLE `plataforma`
  ADD PRIMARY KEY (`idPlataforma`),
  ADD UNIQUE KEY `Nombre_UNIQUE` (`Nombre`);

--
-- Indices de la tabla `productos`
--
ALTER TABLE `productos`
  ADD PRIMARY KEY (`idProductos`,`IdVideojuego`,`IdPlataforma`),
  ADD KEY `Es_un_videojuego_idx` (`IdVideojuego`),
  ADD KEY `De_la_plataforma_idx` (`IdPlataforma`);

--
-- Indices de la tabla `usuario`
--
ALTER TABLE `usuario`
  ADD PRIMARY KEY (`idUsuario`),
  ADD UNIQUE KEY `idUsuario_UNIQUE` (`idUsuario`),
  ADD UNIQUE KEY `Usuario_UNIQUE` (`Usuario`);

--
-- Indices de la tabla `videojuego`
--
ALTER TABLE `videojuego`
  ADD PRIMARY KEY (`idVideojuego`);

--
-- AUTO_INCREMENT de las tablas volcadas
--

--
-- AUTO_INCREMENT de la tabla `item`
--
ALTER TABLE `item`
  MODIFY `idItem` int(11) NOT NULL AUTO_INCREMENT, AUTO_INCREMENT=29;

--
-- AUTO_INCREMENT de la tabla `plataforma`
--
ALTER TABLE `plataforma`
  MODIFY `idPlataforma` int(11) NOT NULL AUTO_INCREMENT, AUTO_INCREMENT=36;

--
-- AUTO_INCREMENT de la tabla `productos`
--
ALTER TABLE `productos`
  MODIFY `idProductos` int(11) NOT NULL AUTO_INCREMENT, AUTO_INCREMENT=34;

--
-- AUTO_INCREMENT de la tabla `usuario`
--
ALTER TABLE `usuario`
  MODIFY `idUsuario` int(11) NOT NULL AUTO_INCREMENT, AUTO_INCREMENT=34;

--
-- AUTO_INCREMENT de la tabla `videojuego`
--
ALTER TABLE `videojuego`
  MODIFY `idVideojuego` int(11) NOT NULL AUTO_INCREMENT, AUTO_INCREMENT=29;

--
-- Restricciones para tablas volcadas
--

--
-- Filtros para la tabla `cesta`
--
ALTER TABLE `cesta`
  ADD CONSTRAINT `Cesta De` FOREIGN KEY (`idCliente`) REFERENCES `usuario` (`idUsuario`);

--
-- Filtros para la tabla `item`
--
ALTER TABLE `item`
  ADD CONSTRAINT `Item Pertenece a Cesta` FOREIGN KEY (`idCesta`) REFERENCES `cesta` (`idCesta`);

--
-- Filtros para la tabla `productos`
--
ALTER TABLE `productos`
  ADD CONSTRAINT `FK_Es_un_Videojuego` FOREIGN KEY (`IdVideojuego`) REFERENCES `videojuego` (`idVideojuego`),
  ADD CONSTRAINT `FK_Pertenece_a_la_Plataforma` FOREIGN KEY (`IdPlataforma`) REFERENCES `plataforma` (`idPlataforma`);
COMMIT;

/*!40101 SET CHARACTER_SET_CLIENT=@OLD_CHARACTER_SET_CLIENT */;
/*!40101 SET CHARACTER_SET_RESULTS=@OLD_CHARACTER_SET_RESULTS */;
/*!40101 SET COLLATION_CONNECTION=@OLD_COLLATION_CONNECTION */;
